file_name,condition,commons_title,source_page,licence,licence_url,author,original_size
gauge_001.jpg,clean,Bar gauge.jpg,https://commons.wikimedia.org/wiki/File:Bar_gauge.jpg,CC BY-SA 4.0,https://creativecommons.org/licenses/by-sa/4.0,Eng.dilan86,612x612
gauge_002.jpg,small_in_frame,HBOT pressure gauge and decompression valve.jpg,https://commons.wikimedia.org/wiki/File:HBOT_pressure_gauge_and_decompression_valve.jpg,CC BY-SA 4.0,https://creativecommons.org/licenses/by-sa/4.0,Schickdavid3,2448x3264
gauge_003.jpg,hard_small_far,Lakewood-Wadsworth Station garage pressure gauge.jpg,https://commons.wikimedia.org/wiki/File:Lakewood-Wadsworth_Station_garage_pressure_gauge.jpg,CC BY-SA 4.0,https://creativecommons.org/licenses/by-sa/4.0,Xnatedawgx,1536x2560
gauge_004.jpg,hard_unreadable,Old pressure gauge showing measurements in a worn condition located in a workshop.jpg,https://commons.wikimedia.org/wiki/File:Old_pressure_gauge_showing_measurements_in_a_worn_condition_located_in_a_workshop.jpg,CC BY 2.0,https://creativecommons.org/licenses/by/2.0,Shixart1985,3618x5420
gauge_005.jpg,multiple_gauges,19900419660NR Dresden Altstadt Hygiene-Museum Haustechnik.jpg,https://commons.wikimedia.org/wiki/File:19900419660NR_Dresden_Altstadt_Hygiene-Museum_Haustechnik.jpg,CC BY-SA 4.0,https://creativecommons.org/licenses/by-sa/4.0,Jörg Blobelt,3088x3192
gauge_006.jpg,hard_caged_small,9613Baliuag Town Business Centre 73.jpg,https://commons.wikimedia.org/wiki/File:9613Baliuag_Town_Business_Centre_73.jpg,CC0,http://creativecommons.org/publicdomain/zero/1.0/deed.en,Judgefloro,4608x3456
gauge_007.jpg,multi_gauge,Anzeige Luftdruck.jpg,https://commons.wikimedia.org/wiki/File:Anzeige_Luftdruck.jpg,CC BY-SA 3.0,http://creativecommons.org/licenses/by-sa/3.0/,Solaris2006,1136x828
gauge_008.jpg,clean_dual_scale,Atlas Copco XAHS 347-pic4-Manometer.jpg,https://commons.wikimedia.org/wiki/File:Atlas_Copco_XAHS_347-pic4-Manometer.jpg,CC BY-SA 4.0,https://creativecommons.org/licenses/by-sa/4.0,Cjp24,2534x2513
gauge_009.jpg,clean,Cave coopérative des côteaux d'Abeilhan-11.jpg,https://commons.wikimedia.org/wiki/File:Cave_coop%C3%A9rative_des_c%C3%B4teaux_d%27Abeilhan-11.jpg,CC BY-SA 4.0,https://creativecommons.org/licenses/by-sa/4.0,Édouard Hue (User:EdouardHue),5334x3556
gauge_010.jpg,clean_closeup,Druck Manometer.jpg,https://commons.wikimedia.org/wiki/File:Druck_Manometer.jpg,Public domain,,ADwarf,1600x1179
gauge_011.jpg,clean_dual_scale,Gauge.jpg,https://commons.wikimedia.org/wiki/File:Gauge.jpg,CC BY 2.0,https://creativecommons.org/licenses/by/2.0,"Hey Paul from State College, PA, USA",933x933
gauge_012.jpg,field,Apartment Complex Standpipe with Pressure Gauge.jpg,https://commons.wikimedia.org/wiki/File:Apartment_Complex_Standpipe_with_Pressure_Gauge.jpg,CC BY 4.0,https://creativecommons.org/licenses/by/4.0,Mark Cross,3024x3024
gauge_013.jpg,clean_monochrome,Canadian Pacific pressure gauge (2800301396).jpg,https://commons.wikimedia.org/wiki/File:Canadian_Pacific_pressure_gauge_(2800301396).jpg,CC BY-SA 2.0,https://creativecommons.org/licenses/by-sa/2.0,"RAF-YYC from Calgary, Canada",3888x2592
gauge_014.jpg,low_contrast,Cold war period shelter - Schiebroekselaan - Liskwartier - Rotterdam - pressure gauge for ventilation - expressed in mmWS - mm Wassersäule i.e. mm water.jpg,https://commons.wikimedia.org/wiki/File:Cold_war_period_shelter_-_Schiebroekselaan_-_Liskwartier_-_Rotterdam_-_pressure_gauge_for_ventilation_-_expressed_in_mmWS_-_mm_Wassers%C3%A4ule_i.e._mm_water.jpg,CC BY-SA 4.0,https://creativecommons.org/licenses/by-sa/4.0,AgainErick,4896x2752
gauge_015.jpg,clean_dual_scale,Hyperbaric oxygen cell testing pot pressure gauge IMG 20201209 153847.jpg,https://commons.wikimedia.org/wiki/File:Hyperbaric_oxygen_cell_testing_pot_pressure_gauge_IMG_20201209_153847.jpg,CC BY-SA 4.0,https://creativecommons.org/licenses/by-sa/4.0,Pbsouthwood,5120x3840
gauge_016.jpg,field_weathered,London Road Fire Station – Interior – Kismet Tyre Pressure Gauge.jpg,https://commons.wikimedia.org/wiki/File:London_Road_Fire_Station_%E2%80%93_Interior_%E2%80%93_Kismet_Tyre_Pressure_Gauge.jpg,CC BY-SA 4.0,https://creativecommons.org/licenses/by-sa/4.0,Delusion23,3216x4288
gauge_017.jpg,clean_high_range,MAXIMATOR-High-Pressure-Manometer-01.jpg,https://commons.wikimedia.org/wiki/File:MAXIMATOR-High-Pressure-Manometer-01.jpg,CC BY-SA 3.0,https://creativecommons.org/licenses/by-sa/3.0,"CEphoto, Uwe Aranas",4343x3356
gauge_018.jpg,clean_drag_pointer,Manometer-a hg.jpg,https://commons.wikimedia.org/wiki/File:Manometer-a_hg.jpg,CC BY 3.0,https://creativecommons.org/licenses/by/3.0,Hannes Grobe,4546x6015
gauge_019.jpg,hard_contact_setpoints,Contact pressure gauge.JPG,https://commons.wikimedia.org/wiki/File:Contact_pressure_gauge.JPG,CC BY 2.5,https://creativecommons.org/licenses/by/2.5,S.J. de Waard,3083x2848
gauge_020.jpg,clean_dual_scale,Industrial instruments pressure gauge.jpg,https://commons.wikimedia.org/wiki/File:Industrial_instruments_pressure_gauge.jpg,CC BY-SA 3.0,https://creativecommons.org/licenses/by-sa/3.0,Palagiri,2134x2358
gauge_021.jpg,angled_closeup,Manometer mit CO2 Flasche - Bild 005.jpg,https://commons.wikimedia.org/wiki/File:Manometer_mit_CO2_Flasche_-_Bild_005.jpg,CC BY-SA 4.0,https://creativecommons.org/licenses/by-sa/4.0,Lupus in Saxonia,5459x3071
gauge_022.jpg,clean_dual_scale,Manómetro 3 psi 1.jpg,https://commons.wikimedia.org/wiki/File:Man%C3%B3metro_3_psi_1.jpg,CC BY 4.0,https://creativecommons.org/licenses/by/4.0,Amfeli,2000x1927
gauge_023.jpg,multi_gauge,Pressure gauges.jpg,https://commons.wikimedia.org/wiki/File:Pressure_gauges.jpg,CC BY-SA 4.0,https://creativecommons.org/licenses/by-sa/4.0,Bitjungle,2448x3264
gauge_024.jpg,clean,WLM - Peter J. Fontijn - Stoomgemaal De Tuut (28).jpg,https://commons.wikimedia.org/wiki/File:WLM_-_Peter_J._Fontijn_-_Stoomgemaal_De_Tuut_(28).jpg,CC BY-SA 2.0,https://creativecommons.org/licenses/by-sa/2.0,Peter Fontijn from NL,3456x2592
gauge_025.jpg,clean,Manometre hpz.jpg,https://commons.wikimedia.org/wiki/File:Manometre_hpz.jpg,CC BY-SA 3.0,https://creativecommons.org/licenses/by-sa/3.0,Michel le tigre,1920x1440
gauge_026.jpg,clean_brass,2015 Birkenhead Park Festival of Transport 59.jpg,https://commons.wikimedia.org/wiki/File:2015_Birkenhead_Park_Festival_of_Transport_59.jpg,CC BY-SA 2.0,https://creativecommons.org/licenses/by-sa/2.0,RichardAsh1981,4272x2848
gauge_027.jpg,field_outdoor,"OIL SHALE PROJECT, NEVADA TEST SITE - DPLA - 896209a9c6e760ce8649e7b96ae3b8bb.jpg","https://commons.wikimedia.org/wiki/File:OIL_SHALE_PROJECT,_NEVADA_TEST_SITE_-_DPLA_-_896209a9c6e760ce8649e7b96ae3b8bb.jpg",Public domain,,Department of Energy. National Nuclear Security Administration. Sandia National Laboratories. 3/1/2000,2993x2398
gauge_028.jpg,clean_labelled,Pressure gauge of air supply pipe.jpg,https://commons.wikimedia.org/wiki/File:Pressure_gauge_of_air_supply_pipe.jpg,CC0,http://creativecommons.org/publicdomain/zero/1.0/deed.en,Fumikas Sagisavas,4000x3000
gauge_029.jpg,clean_labelled,Pressure gauge of brake pipe.jpg,https://commons.wikimedia.org/wiki/File:Pressure_gauge_of_brake_pipe.jpg,CC0,http://creativecommons.org/publicdomain/zero/1.0/deed.en,Fumikas Sagisavas,4000x3000
gauge_030.jpg,clean_labelled,Pressure gauge of brake pipe on a 25T.JPG,https://commons.wikimedia.org/wiki/File:Pressure_gauge_of_brake_pipe_on_a_25T.JPG,CC BY-SA 4.0,https://creativecommons.org/licenses/by-sa/4.0,N509FZ,1936x2592
